[{"@type":"mappingTemplate","id":"@1","name":"Mapping2","description":"","bundleVersion":"0","templateId":"@3","hasParameters":false,"valid":false,"fixedConnection":true,"hasParametersDeployed":false,"fixedConnectionDeployed":false,"isSchemaValidationEnabled":false,"tasks":0,"mappingPreviewFileRecordId":"@2","documentType":"MAPPING","references":[{"@type":"reference","refObjectId":"@4RxJpoemNlBjQ1kOr1bVy9","refType":"connection"},{"@type":"reference","refObjectId":"@4yFaHyuB43YdQywbJLJpgh","refType":"connection"}]}]