[{"@type":"mappingTemplate","id":"@1","name":"Mapping453","description":"Test - desc updates 1","bundleVersion":"0","templateId":"@3","deployTime":1686854024000,"hasParameters":false,"valid":true,"fixedConnection":true,"hasParametersDeployed":false,"fixedConnectionDeployed":true,"isSchemaValidationEnabled":false,"tasks":1,"mappingPreviewFileRecordId":"@2","documentType":"MAPPING","references":[{"@type":"reference","refObjectId":"@4RxJpoemNlBjQ1kOr1bVy9","refType":"connection"},{"@type":"reference","refObjectId":"@4yFaHyuB43YdQywbJLJpgh","refType":"connection"}]}]